#SampleID	faith_pd
4854_0673_ITS-NL2_1	15.40922657940609
4854_0674_ITS-NL2_2	63.76493579462681
4854_0675_ITS-NL2_3	4.489735743115148
4854_0676_ITS-NL2_4	0.6486492224199765
4854_0677_ITS-NL2_5	2.927006345203836
4854_0678_ITS-NL2_6	5.495798254673105
4854_0679_ITS-NL2_7	19.92182179265319
